{
  "advancements/adventure/adventuring_time.json": {},
  "advancements/adventure/kill_all_mobs.json": {},
  "advancements/adventure/kill_a_mob.json": {},
  "advancements/adventure/root.json": {},
  "advancements/adventure/shoot_arrow.json": {},
  "advancements/adventure/sleep_in_bed.json": {},
  "advancements/adventure/sniper_duel.json": {},
  "advancements/adventure/summon_iron_golem.json": {},
  "advancements/adventure/totem_of_undying.json": {},
  "advancements/adventure/trade.json": {},
  "advancements/end/dragon_breath.json": {},
  "advancements/end/dragon_egg.json": {},
  "advancements/end/elytra.json": {},
  "advancements/end/enter_end_gateway.json": {},
  "advancements/end/find_end_city.json": {},
  "advancements/end/kill_dragon.json": {},
  "advancements/end/levitate.json": {},
  "advancements/end/respawn_dragon.json": {},
  "advancements/end/root.json": {},
  "advancements/husbandry/balanced_diet.json": {},
  "advancements/husbandry/break_diamond_hoe.json": {},
  "advancements/recipes/building_blocks/acacia_planks.json": {},
  "advancements/recipes/building_blocks/acacia_stairs.json": {},
  "advancements/recipes/building_blocks/acacia_wooden_slab.json": {},
  "advancements/recipes/building_blocks/andesite.json": {},
  "advancements/recipes/building_blocks/birch_planks.json": {},
  "advancements/recipes/building_blocks/birch_stairs.json": {},
  "advancements/recipes/building_blocks/birch_wooden_slab.json": {},
  "advancements/recipes/building_blocks/black_concrete_powder.json": {},
  "advancements/recipes/building_blocks/black_stained_glass.json": {},
  "advancements/recipes/building_blocks/black_stained_hardened_clay.json": {},
  "advancements/recipes/building_blocks/black_wool.json": {},
  "advancements/recipes/building_blocks/blue_concrete_powder.json": {},
  "advancements/recipes/building_blocks/blue_stained_glass.json": {},
  "advancements/recipes/building_blocks/blue_stained_hardened_clay.json": {},
  "advancements/recipes/building_blocks/blue_wool.json": {},
  "advancements/recipes/building_blocks/bone_block.json": {},
  "advancements/recipes/building_blocks/bookshelf.json": {},
  "advancements/recipes/building_blocks/brick_block.json": {},
  "advancements/recipes/building_blocks/brick_slab.json": {},
  "advancements/recipes/building_blocks/brick_stairs.json": {},
  "advancements/recipes/building_blocks/brown_concrete_powder.json": {},
  "advancements/recipes/building_blocks/brown_stained_glass.json": {},
  "advancements/recipes/building_blocks/brown_stained_hardened_clay.json": {},
  "advancements/recipes/building_blocks/brown_wool.json": {},
  "advancements/recipes/building_blocks/chiseled_quartz_block.json": {},
  "advancements/recipes/building_blocks/chiseled_red_sandstone.json": {},
  "advancements/recipes/building_blocks/chiseled_sandstone.json": {},
  "advancements/recipes/building_blocks/chiseled_stonebrick.json": {},
  "advancements/recipes/building_blocks/clay.json": {},
  "advancements/recipes/building_blocks/coal_block.json": {},
  "advancements/recipes/building_blocks/coarse_dirt.json": {},
  "advancements/recipes/building_blocks/cobblestone_slab.json": {},
  "advancements/recipes/building_blocks/cyan_concrete_powder.json": {},
  "advancements/recipes/building_blocks/cyan_stained_glass.json": {},
  "advancements/recipes/building_blocks/cyan_stained_hardened_clay.json": {},
  "advancements/recipes/building_blocks/cyan_wool.json": {},
  "advancements/recipes/building_blocks/dark_oak_planks.json": {},
  "advancements/recipes/building_blocks/dark_oak_stairs.json": {},
  "advancements/recipes/building_blocks/dark_oak_wooden_slab.json": {},
  "advancements/recipes/building_blocks/dark_prismarine.json": {},
  "advancements/recipes/building_blocks/diamond_block.json": {},
  "advancements/recipes/building_blocks/diorite.json": {},
  "advancements/recipes/building_blocks/emerald_block.json": {},
  "advancements/recipes/building_blocks/end_bricks.json": {},
  "advancements/recipes/building_blocks/glowstone.json": {},
  "advancements/recipes/building_blocks/gold_block.json": {},
  "advancements/recipes/building_blocks/granite.json": {},
  "advancements/recipes/building_blocks/gray_concrete_powder.json": {},
  "advancements/recipes/building_blocks/gray_stained_glass.json": {},
  "advancements/recipes/building_blocks/gray_stained_hardened_clay.json": {},
  "advancements/recipes/building_blocks/gray_wool.json": {},
  "advancements/recipes/building_blocks/green_concrete_powder.json": {},
  "advancements/recipes/building_blocks/green_stained_glass.json": {},
  "advancements/recipes/building_blocks/green_stained_hardened_clay.json": {},
  "advancements/recipes/building_blocks/green_wool.json": {},
  "advancements/recipes/building_blocks/hay_block.json": {},
  "advancements/recipes/building_blocks/iron_block.json": {},
  "advancements/recipes/building_blocks/jungle_planks.json": {},
  "advancements/recipes/building_blocks/jungle_stairs.json": {},
  "advancements/recipes/building_blocks/jungle_wooden_slab.json": {},
  "advancements/recipes/building_blocks/lapis_block.json": {},
  "advancements/recipes/building_blocks/light_blue_concrete_powder.json": {},
  "advancements/recipes/building_blocks/light_blue_stained_glass.json": {},
  "advancements/recipes/building_blocks/light_blue_stained_hardened_clay.json": {},
  "advancements/recipes/building_blocks/light_blue_wool.json": {},
  "advancements/recipes/building_blocks/light_gray_concrete_powder.json": {},
  "advancements/recipes/building_blocks/light_gray_stained_glass.json": {},
  "advancements/recipes/building_blocks/light_gray_stained_hardened_clay.json": {},
  "advancements/recipes/building_blocks/light_gray_wool.json": {},
  "advancements/recipes/building_blocks/lime_concrete_powder.json": {},
  "advancements/recipes/building_blocks/lime_stained_glass.json": {},
  "advancements/recipes/building_blocks/lime_stained_hardened_clay.json": {},
  "advancements/recipes/building_blocks/lime_wool.json": {},
  "advancements/recipes/building_blocks/lit_pumpkin.json": {},
  "advancements/recipes/building_blocks/magenta_concrete_powder.json": {},
  "advancements/recipes/building_blocks/magenta_stained_glass.json": {},
  "advancements/recipes/building_blocks/magenta_stained_hardened_clay.json": {},
  "advancements/recipes/building_blocks/magenta_wool.json": {},
  "advancements/recipes/building_blocks/magma.json": {},
  "advancements/recipes/building_blocks/melon_block.json": {},
  "advancements/recipes/building_blocks/mossy_cobblestone.json": {},
  "advancements/recipes/building_blocks/mossy_stonebrick.json": {},
  "advancements/recipes/building_blocks/nether_brick.json": {},
  "advancements/recipes/building_blocks/nether_brick_slab.json": {},
  "advancements/recipes/building_blocks/nether_brick_stairs.json": {},
  "advancements/recipes/building_blocks/nether_wart_block.json": {},
  "advancements/recipes/building_blocks/oak_planks.json": {},
  "advancements/recipes/building_blocks/oak_stairs.json": {},
  "advancements/recipes/building_blocks/oak_wooden_slab.json": {},
  "advancements/recipes/building_blocks/orange_concrete_powder.json": {},
  "advancements/recipes/building_blocks/orange_stained_glass.json": {},
  "advancements/recipes/building_blocks/orange_stained_hardened_clay.json": {},
  "advancements/recipes/building_blocks/orange_wool.json": {},
  "advancements/recipes/building_blocks/pillar_quartz_block.json": {},
  "advancements/recipes/building_blocks/pink_concrete_powder.json": {},
  "advancements/recipes/building_blocks/pink_stained_glass.json": {},
  "advancements/recipes/building_blocks/pink_stained_hardened_clay.json": {},
  "advancements/recipes/building_blocks/pink_wool.json": {},
  "advancements/recipes/building_blocks/polished_andesite.json": {},
  "advancements/recipes/building_blocks/polished_diorite.json": {},
  "advancements/recipes/building_blocks/polished_granite.json": {},
  "advancements/recipes/building_blocks/prismarine.json": {},
  "advancements/recipes/building_blocks/prismarine_bricks.json": {},
  "advancements/recipes/building_blocks/purple_concrete_powder.json": {},
  "advancements/recipes/building_blocks/purple_stained_glass.json": {},
  "advancements/recipes/building_blocks/purple_stained_hardened_clay.json": {},
  "advancements/recipes/building_blocks/purple_wool.json": {},
  "advancements/recipes/building_blocks/purpur_block.json": {},
  "advancements/recipes/building_blocks/purpur_pillar.json": {},
  "advancements/recipes/building_blocks/purpur_slab.json": {},
  "advancements/recipes/building_blocks/purpur_stairs.json": {},
  "advancements/recipes/building_blocks/quartz_block.json": {},
  "advancements/recipes/building_blocks/quartz_slab.json": {},
  "advancements/recipes/building_blocks/quartz_stairs.json": {},
  "advancements/recipes/building_blocks/red_concrete_powder.json": {},
  "advancements/recipes/building_blocks/red_nether_brick.json": {},
  "advancements/recipes/building_blocks/red_sandstone.json": {},
  "advancements/recipes/building_blocks/red_sandstone_slab.json": {},
  "advancements/recipes/building_blocks/red_sandstone_stairs.json": {},
  "advancements/recipes/building_blocks/red_stained_glass.json": {},
  "advancements/recipes/building_blocks/red_stained_hardened_clay.json": {},
  "advancements/recipes/building_blocks/red_wool.json": {},
  "advancements/recipes/building_blocks/sandstone.json": {},
  "advancements/recipes/building_blocks/sandstone_slab.json": {},
  "advancements/recipes/building_blocks/sandstone_stairs.json": {},
  "advancements/recipes/building_blocks/sea_lantern.json": {},
  "advancements/recipes/building_blocks/smooth_red_sandstone.json": {},
  "advancements/recipes/building_blocks/smooth_sandstone.json": {},
  "advancements/recipes/building_blocks/snow.json": {},
  "advancements/recipes/building_blocks/spruce_planks.json": {},
  "advancements/recipes/building_blocks/spruce_stairs.json": {},
  "advancements/recipes/building_blocks/spruce_wooden_slab.json": {},
  "advancements/recipes/building_blocks/stonebrick.json": {},
  "advancements/recipes/building_blocks/stone_brick_slab.json": {},
  "advancements/recipes/building_blocks/stone_brick_stairs.json": {},
  "advancements/recipes/building_blocks/stone_slab.json": {},
  "advancements/recipes/building_blocks/stone_stairs.json": {},
  "advancements/recipes/building_blocks/string_to_wool.json": {},
  "advancements/recipes/building_blocks/white_concrete_powder.json": {},
  "advancements/recipes/building_blocks/white_stained_glass.json": {},
  "advancements/recipes/building_blocks/white_stained_hardened_clay.json": {},
  "advancements/recipes/building_blocks/yellow_concrete_powder.json": {},
  "advancements/recipes/building_blocks/yellow_stained_glass.json": {},
  "advancements/recipes/building_blocks/yellow_stained_hardened_clay.json": {},
  "advancements/recipes/building_blocks/yellow_wool.json": {},
  "advancements/husbandry/bred_all_animals.json": {},
  "advancements/husbandry/breed_an_animal.json": {},
  "advancements/husbandry/plant_seed.json": {},
  "advancements/husbandry/root.json": {},
  "advancements/husbandry/tame_an_animal.json": {},
  "advancements/nether/all_effects.json": {},
  "advancements/nether/all_potions.json": {},
  "advancements/nether/brew_potion.json": {},
  "advancements/nether/create_beacon.json": {},
  "advancements/nether/create_full_beacon.json": {},
  "advancements/nether/fast_travel.json": {},
  "advancements/nether/find_fortress.json": {},
  "advancements/nether/get_wither_skull.json": {},
  "advancements/nether/obtain_blaze_rod.json": {},
  "advancements/nether/return_to_sender.json": {},
  "advancements/nether/root.json": {},
  "advancements/nether/summon_wither.json": {},
  "advancements/nether/uneasy_alliance.json": {},
  "advancements/recipes/brewing/blaze_powder.json": {},
  "advancements/recipes/brewing/brewing_stand.json": {},
  "advancements/recipes/brewing/cauldron.json": {},
  "advancements/recipes/brewing/fermented_spider_eye.json": {},
  "advancements/recipes/brewing/glass_bottle.json": {},
  "advancements/recipes/brewing/golden_carrot.json": {},
  "advancements/recipes/brewing/magma_cream.json": {},
  "advancements/recipes/brewing/speckled_melon.json": {},
  "advancements/recipes/combat/arrow.json": {},
  "advancements/recipes/combat/bow.json": {},
  "advancements/recipes/combat/diamond_boots.json": {},
  "advancements/recipes/combat/diamond_chestplate.json": {},
  "advancements/recipes/combat/diamond_helmet.json": {},
  "advancements/recipes/combat/diamond_leggings.json": {},
  "advancements/recipes/combat/diamond_sword.json": {},
  "advancements/recipes/combat/golden_boots.json": {},
  "advancements/recipes/combat/golden_chestplate.json": {},
  "advancements/recipes/combat/golden_helmet.json": {},
  "advancements/recipes/combat/golden_leggings.json": {},
  "advancements/recipes/combat/golden_sword.json": {},
  "advancements/recipes/combat/iron_boots.json": {},
  "advancements/recipes/combat/iron_chestplate.json": {},
  "advancements/recipes/combat/iron_helmet.json": {},
  "advancements/recipes/combat/iron_leggings.json": {},
  "advancements/recipes/combat/iron_sword.json": {},
  "advancements/recipes/combat/leather_boots.json": {},
  "advancements/recipes/combat/leather_chestplate.json": {},
  "advancements/recipes/combat/leather_helmet.json": {},
  "advancements/recipes/combat/leather_leggings.json": {},
  "advancements/recipes/combat/shield.json": {},
  "advancements/recipes/combat/spectral_arrow.json": {},
  "advancements/recipes/combat/stone_sword.json": {},
  "advancements/recipes/combat/wooden_sword.json": {},
  "advancements/recipes/decorations/acacia_fence.json": {},
  "advancements/recipes/decorations/anvil.json": {},
  "advancements/recipes/decorations/armor_stand.json": {},
  "advancements/recipes/decorations/birch_fence.json": {},
  "advancements/recipes/decorations/black_banner.json": {},
  "advancements/recipes/decorations/black_bed.json": {},
  "advancements/recipes/decorations/black_bed_from_white_bed.json": {},
  "advancements/recipes/decorations/black_carpet.json": {},
  "advancements/recipes/decorations/black_stained_glass_pane.json": {},
  "advancements/recipes/decorations/blue_banner.json": {},
  "advancements/recipes/decorations/blue_bed.json": {},
  "advancements/recipes/decorations/blue_bed_from_white_bed.json": {},
  "advancements/recipes/decorations/blue_carpet.json": {},
  "advancements/recipes/decorations/blue_stained_glass_pane.json": {},
  "advancements/recipes/decorations/brown_banner.json": {},
  "advancements/recipes/decorations/brown_bed.json": {},
  "advancements/recipes/decorations/brown_bed_from_white_bed.json": {},
  "advancements/recipes/decorations/brown_carpet.json": {},
  "advancements/recipes/decorations/brown_stained_glass_pane.json": {},
  "advancements/recipes/decorations/chest.json": {},
  "advancements/recipes/decorations/cobblestone_wall.json": {},
  "advancements/recipes/decorations/crafting_table.json": {},
  "advancements/recipes/decorations/cyan_banner.json": {},
  "advancements/recipes/decorations/cyan_bed.json": {},
  "advancements/recipes/decorations/cyan_bed_from_white_bed.json": {},
  "advancements/recipes/decorations/cyan_carpet.json": {},
  "advancements/recipes/decorations/cyan_stained_glass_pane.json": {},
  "advancements/recipes/decorations/dark_oak_fence.json": {},
  "advancements/recipes/decorations/enchanting_table.json": {},
  "advancements/recipes/decorations/end_crystal.json": {},
  "advancements/recipes/decorations/ender_chest.json": {},
  "advancements/recipes/decorations/end_rod.json": {},
  "advancements/recipes/decorations/fence.json": {},
  "advancements/recipes/decorations/flower_pot.json": {},
  "advancements/recipes/decorations/furnace.json": {},
  "advancements/recipes/decorations/glass_pane.json": {},
  "advancements/recipes/decorations/gray_banner.json": {},
  "advancements/recipes/decorations/gray_bed.json": {},
  "advancements/recipes/decorations/gray_bed_from_white_bed.json": {},
  "advancements/recipes/decorations/gray_carpet.json": {},
  "advancements/recipes/decorations/gray_stained_glass_pane.json": {},
  "advancements/recipes/decorations/green_banner.json": {},
  "advancements/recipes/decorations/green_bed.json": {},
  "advancements/recipes/decorations/green_bed_from_white_bed.json": {},
  "advancements/recipes/decorations/green_carpet.json": {},
  "advancements/recipes/decorations/green_stained_glass_pane.json": {},
  "advancements/recipes/decorations/iron_bars.json": {},
  "advancements/recipes/decorations/item_frame.json": {},
  "advancements/recipes/decorations/jukebox.json": {},
  "advancements/recipes/decorations/jungle_fence.json": {},
  "advancements/recipes/decorations/ladder.json": {},
  "advancements/recipes/decorations/light_blue_banner.json": {},
  "advancements/recipes/decorations/light_blue_bed.json": {},
  "advancements/recipes/decorations/light_blue_bed_from_white_bed.json": {},
  "advancements/recipes/decorations/light_blue_carpet.json": {},
  "advancements/recipes/decorations/light_blue_stained_glass_pane.json": {},
  "advancements/recipes/decorations/light_gray_banner.json": {},
  "advancements/recipes/decorations/light_gray_bed.json": {},
  "advancements/recipes/decorations/light_gray_bed_from_white_bed.json": {},
  "advancements/recipes/decorations/light_gray_carpet.json": {},
  "advancements/recipes/decorations/light_gray_stained_glass_pane.json": {},
  "advancements/recipes/decorations/lime_banner.json": {},
  "advancements/recipes/decorations/lime_bed.json": {},
  "advancements/recipes/decorations/lime_bed_from_white_bed.json": {},
  "advancements/recipes/decorations/lime_carpet.json": {},
  "advancements/recipes/decorations/lime_stained_glass_pane.json": {},
  "advancements/recipes/decorations/magenta_banner.json": {},
  "advancements/recipes/decorations/magenta_bed.json": {},
  "advancements/recipes/decorations/magenta_bed_from_white_bed.json": {},
  "advancements/recipes/decorations/magenta_carpet.json": {},
  "advancements/recipes/decorations/magenta_stained_glass_pane.json": {},
  "advancements/recipes/decorations/mossy_cobblestone_wall.json": {},
  "advancements/recipes/decorations/nether_brick_fence.json": {},
  "advancements/recipes/decorations/orange_banner.json": {},
  "advancements/recipes/decorations/orange_bed.json": {},
  "advancements/recipes/decorations/orange_bed_from_white_bed.json": {},
  "advancements/recipes/decorations/orange_carpet.json": {},
  "advancements/recipes/decorations/orange_stained_glass_pane.json": {},
  "advancements/recipes/decorations/painting.json": {},
  "advancements/recipes/decorations/pink_banner.json": {},
  "advancements/recipes/decorations/pink_bed.json": {},
  "advancements/recipes/decorations/pink_bed_from_white_bed.json": {},
  "advancements/recipes/decorations/pink_carpet.json": {},
  "advancements/recipes/decorations/pink_stained_glass_pane.json": {},
  "advancements/recipes/decorations/purple_banner.json": {},
  "advancements/recipes/decorations/purple_bed.json": {},
  "advancements/recipes/decorations/purple_bed_from_white_bed.json": {},
  "advancements/recipes/decorations/purple_carpet.json": {},
  "advancements/recipes/decorations/purple_shulker_box.json": {},
  "advancements/recipes/decorations/purple_stained_glass_pane.json": {},
  "advancements/recipes/decorations/red_banner.json": {},
  "advancements/recipes/decorations/red_bed.json": {},
  "advancements/recipes/decorations/red_bed_from_white_bed.json": {},
  "advancements/recipes/decorations/red_carpet.json": {},
  "advancements/recipes/decorations/red_stained_glass_pane.json": {},
  "advancements/recipes/decorations/sign.json": {},
  "advancements/recipes/decorations/slime.json": {},
  "advancements/recipes/decorations/snow_layer.json": {},
  "advancements/recipes/decorations/spruce_fence.json": {},
  "advancements/recipes/decorations/torch.json": {},
  "advancements/recipes/decorations/white_banner.json": {},
  "advancements/recipes/decorations/white_bed.json": {},
  "advancements/recipes/decorations/white_carpet.json": {},
  "advancements/recipes/decorations/white_stained_glass_pane.json": {},
  "advancements/recipes/decorations/yellow_banner.json": {},
  "advancements/recipes/decorations/yellow_bed.json": {},
  "advancements/recipes/decorations/yellow_bed_from_white_bed.json": {},
  "advancements/recipes/decorations/yellow_carpet.json": {},
  "advancements/recipes/decorations/yellow_stained_glass_pane.json": {},
  "advancements/recipes/food/beetroot_soup.json": {},
  "advancements/recipes/food/bread.json": {},
  "advancements/recipes/food/cake.json": {},
  "advancements/recipes/food/cookie.json": {},
  "advancements/recipes/food/golden_apple.json": {},
  "advancements/recipes/food/mushroom_stew.json": {},
  "advancements/recipes/food/pumpkin_pie.json": {},
  "advancements/recipes/food/rabbit_stew_from_brown_mushroom.json": {},
  "advancements/recipes/food/rabbit_stew_from_red_mushroom.json": {},
  "advancements/recipes/misc/beacon.json": {},
  "advancements/recipes/misc/bone_meal_from_block.json": {},
  "advancements/recipes/misc/bone_meal_from_bone.json": {},
  "advancements/recipes/misc/book.json": {},
  "advancements/recipes/misc/bowl.json": {},
  "advancements/recipes/misc/bucket.json": {},
  "advancements/recipes/misc/coal.json": {},
  "advancements/recipes/misc/cyan_dye.json": {},
  "advancements/recipes/misc/diamond.json": {},
  "advancements/recipes/misc/emerald.json": {},
  "advancements/recipes/misc/ender_eye.json": {},
  "advancements/recipes/misc/fire_charge.json": {},
  "advancements/recipes/misc/gold_ingot_from_block.json": {},
  "advancements/recipes/misc/gold_ingot_from_nuggets.json": {},
  "advancements/recipes/misc/gold_nugget.json": {},
  "advancements/recipes/misc/gray_dye.json": {},
  "advancements/recipes/misc/iron_ingot_from_block.json": {},
  "advancements/recipes/misc/iron_ingot_from_nuggets.json": {},
  "advancements/recipes/misc/iron_nugget.json": {},
  "advancements/recipes/misc/lapis_lazuli.json": {},
  "advancements/recipes/misc/leather.json": {},
  "advancements/recipes/misc/light_blue_dye_from_blue_orchid.json": {},
  "advancements/recipes/misc/light_blue_dye_from_lapis_bonemeal.json": {},
  "advancements/recipes/misc/light_gray_dye_from_azure_bluet.json": {},
  "advancements/recipes/misc/light_gray_dye_from_gray_bonemeal.json": {},
  "advancements/recipes/misc/light_gray_dye_from_ink_bonemeal.json": {},
  "advancements/recipes/misc/light_gray_dye_from_oxeye_daisy.json": {},
  "advancements/recipes/misc/light_gray_dye_from_white_tulip.json": {},
  "advancements/recipes/misc/lime_dye.json": {},
  "advancements/recipes/misc/magenta_dye_from_allium.json": {},
  "advancements/recipes/misc/magenta_dye_from_lapis_ink_bonemeal.json": {},
  "advancements/recipes/misc/magenta_dye_from_lapis_red_pink.json": {},
  "advancements/recipes/misc/magenta_dye_from_lilac.json": {},
  "advancements/recipes/misc/magenta_dye_from_purple_and_pink.json": {},
  "advancements/recipes/misc/map.json": {},
  "advancements/recipes/misc/melon_seeds.json": {},
  "advancements/recipes/misc/orange_dye_from_orange_tulip.json": {},
  "advancements/recipes/misc/orange_dye_from_red_yellow.json": {},
  "advancements/recipes/misc/paper.json": {},
  "advancements/recipes/misc/pink_dye_from_peony.json": {},
  "advancements/recipes/misc/pink_dye_from_pink_tulip.json": {},
  "advancements/recipes/misc/pink_dye_from_red_bonemeal.json": {},
  "advancements/recipes/misc/pumpkin_seeds.json": {},
  "advancements/recipes/misc/purple_dye.json": {},
  "advancements/recipes/misc/red_dye_from_beetroot.json": {},
  "advancements/recipes/misc/red_dye_from_poppy.json": {},
  "advancements/recipes/misc/red_dye_from_rose_bush.json": {},
  "advancements/recipes/misc/red_dye_from_tulip.json": {},
  "advancements/recipes/misc/slime_ball.json": {},
  "advancements/recipes/misc/stick.json": {},
  "advancements/recipes/misc/sugar.json": {},
  "advancements/recipes/misc/wheat.json": {},
  "advancements/recipes/misc/writable_book.json": {},
  "advancements/recipes/misc/yellow_dye_from_dandelion.json": {},
  "advancements/recipes/misc/yellow_dye_from_sunflower.json": {},
  "advancements/recipes/redstone/acacia_door.json": {},
  "advancements/recipes/redstone/acacia_fence_gate.json": {},
  "advancements/recipes/redstone/birch_door.json": {},
  "advancements/recipes/redstone/birch_fence_gate.json": {},
  "advancements/recipes/redstone/comparator.json": {},
  "advancements/recipes/redstone/dark_oak_door.json": {},
  "advancements/recipes/redstone/dark_oak_fence_gate.json": {},
  "advancements/recipes/redstone/daylight_detector.json": {},
  "advancements/recipes/redstone/dispenser.json": {},
  "advancements/recipes/redstone/dropper.json": {},
  "advancements/recipes/redstone/fence_gate.json": {},
  "advancements/recipes/redstone/heavy_weighted_pressure_plate.json": {},
  "advancements/recipes/redstone/hopper.json": {},
  "advancements/recipes/redstone/iron_door.json": {},
  "advancements/recipes/redstone/iron_trapdoor.json": {},
  "advancements/recipes/redstone/jungle_door.json": {},
  "advancements/recipes/redstone/jungle_fence_gate.json": {},
  "advancements/recipes/redstone/lever.json": {},
  "advancements/recipes/redstone/light_weighted_pressure_plate.json": {},
  "advancements/recipes/redstone/noteblock.json": {},
  "advancements/recipes/redstone/observer.json": {},
  "advancements/recipes/redstone/piston.json": {},
  "advancements/recipes/redstone/redstone.json": {},
  "advancements/recipes/redstone/redstone_block.json": {},
  "advancements/recipes/redstone/redstone_lamp.json": {},
  "advancements/recipes/redstone/redstone_torch.json": {},
  "advancements/recipes/redstone/repeater.json": {},
  "advancements/recipes/redstone/spruce_door.json": {},
  "advancements/recipes/redstone/spruce_fence_gate.json": {},
  "advancements/recipes/redstone/sticky_piston.json": {},
  "advancements/recipes/redstone/stone_button.json": {},
  "advancements/recipes/redstone/stone_pressure_plate.json": {},
  "advancements/recipes/redstone/tnt.json": {},
  "advancements/recipes/redstone/trapdoor.json": {},
  "advancements/recipes/redstone/trapped_chest.json": {},
  "advancements/recipes/redstone/tripwire_hook.json": {},
  "advancements/recipes/redstone/wooden_button.json": {},
  "advancements/recipes/redstone/wooden_door.json": {},
  "advancements/recipes/redstone/wooden_pressure_plate.json": {},
  "advancements/recipes/tools/clock.json": {},
  "advancements/recipes/tools/compass.json": {},
  "advancements/recipes/tools/diamond_axe.json": {},
  "advancements/recipes/tools/diamond_hoe.json": {},
  "advancements/recipes/tools/diamond_pickaxe.json": {},
  "advancements/recipes/tools/diamond_shovel.json": {},
  "advancements/recipes/tools/fishing_rod.json": {},
  "advancements/recipes/tools/flint_and_steel.json": {},
  "advancements/recipes/tools/golden_axe.json": {},
  "advancements/recipes/tools/golden_hoe.json": {},
  "advancements/recipes/tools/golden_pickaxe.json": {},
  "advancements/recipes/tools/golden_shovel.json": {},
  "advancements/recipes/tools/iron_axe.json": {},
  "advancements/recipes/tools/iron_hoe.json": {},
  "advancements/recipes/tools/iron_pickaxe.json": {},
  "advancements/recipes/tools/iron_shovel.json": {},
  "advancements/recipes/tools/lead.json": {},
  "advancements/recipes/tools/shears.json": {},
  "advancements/recipes/tools/stone_axe.json": {},
  "advancements/recipes/tools/stone_hoe.json": {},
  "advancements/recipes/tools/stone_pickaxe.json": {},
  "advancements/recipes/tools/stone_shovel.json": {},
  "advancements/recipes/tools/wooden_axe.json": {},
  "advancements/recipes/tools/wooden_hoe.json": {},
  "advancements/recipes/tools/wooden_pickaxe.json": {},
  "advancements/recipes/tools/wooden_shovel.json": {},
  "advancements/recipes/transportation/acacia_boat.json": {},
  "advancements/recipes/transportation/activator_rail.json": {},
  "advancements/recipes/transportation/birch_boat.json": {},
  "advancements/recipes/transportation/boat.json": {},
  "advancements/recipes/transportation/carrot_on_a_stick.json": {},
  "advancements/recipes/transportation/chest_minecart.json": {},
  "advancements/recipes/transportation/dark_oak_boat.json": {},
  "advancements/recipes/transportation/detector_rail.json": {},
  "advancements/recipes/transportation/furnace_minecart.json": {},
  "advancements/recipes/transportation/golden_rail.json": {},
  "advancements/recipes/transportation/hopper_minecart.json": {},
  "advancements/recipes/transportation/jungle_boat.json": {},
  "advancements/recipes/transportation/minecart.json": {},
  "advancements/recipes/transportation/rail.json": {},
  "advancements/recipes/transportation/spruce_boat.json": {},
  "advancements/recipes/transportation/tnt_minecart.json": {},
  "advancements/recipes/root.json": {},
  "advancements/story/cure_zombie_villager.json": {},
  "advancements/story/deflect_arrow.json": {},
  "advancements/story/enchant_item.json": {},
  "advancements/story/enter_the_end.json": {},
  "advancements/story/enter_the_nether.json": {},
  "advancements/story/follow_ender_eye.json": {},
  "advancements/story/form_obsidian.json": {},
  "advancements/story/iron_tools.json": {},
  "advancements/story/lava_bucket.json": {},
  "advancements/story/mine_diamond.json": {},
  "advancements/story/mine_stone.json": {},
  "advancements/story/obtain_armor.json": {},
  "advancements/story/root.json": {},
  "advancements/story/shiny_gear.json": {},
  "advancements/story/smelt_iron.json": {},
  "advancements/story/upgrade_tools.json": {}
}
