[
    {
        "name": "100",
        "page": 0,
        "x": 0,
        "y": 0
    },
    {
        "name": "1234",
        "page": 0,
        "x": 1,
        "y": 0
    },
    {
        "name": "grinning",
        "page": 0,
        "x": 2,
        "y": 0
    },
    {
        "name": "grimacing",
        "page": 0,
        "x": 3,
        "y": 0
    },
    {
        "name": "grin",
        "page": 0,
        "x": 4,
        "y": 0
    },
    {
        "name": "joy",
        "page": 0,
        "x": 5,
        "y": 0
    },
    {
        "name": "rofl",
        "page": 0,
        "x": 6,
        "y": 0
    },
    {
        "name": "smiley",
        "page": 0,
        "x": 7,
        "y": 0
    },
    {
        "name": "smile",
        "page": 0,
        "x": 8,
        "y": 0
    },
    {
        "name": "sweat_smile",
        "page": 0,
        "x": 9,
        "y": 0
    },
    {
        "name": "laughing",
        "page": 0,
        "x": 10,
        "y": 0
    },
    {
        "name": "innocent",
        "page": 0,
        "x": 11,
        "y": 0
    },
    {
        "name": "wink",
        "page": 0,
        "x": 12,
        "y": 0
    },
    {
        "name": "blush",
        "page": 0,
        "x": 13,
        "y": 0
    },
    {
        "name": "slightly_smiling_face",
        "page": 0,
        "x": 14,
        "y": 0
    },
    {
        "name": "upside_down_face",
        "page": 0,
        "x": 15,
        "y": 0
    },
    {
        "name": "relaxed",
        "page": 0,
        "x": 0,
        "y": 1
    },
    {
        "name": "yum",
        "page": 0,
        "x": 1,
        "y": 1
    },
    {
        "name": "relieved",
        "page": 0,
        "x": 2,
        "y": 1
    },
    {
        "name": "heart_eyes",
        "page": 0,
        "x": 3,
        "y": 1
    },
    {
        "name": "kissing_heart",
        "page": 0,
        "x": 4,
        "y": 1
    },
    {
        "name": "kissing",
        "page": 0,
        "x": 5,
        "y": 1
    },
    {
        "name": "kissing_smiling_eyes",
        "page": 0,
        "x": 6,
        "y": 1
    },
    {
        "name": "kissing_closed_eyes",
        "page": 0,
        "x": 7,
        "y": 1
    },
    {
        "name": "stuck_out_tongue_winking_eye",
        "page": 0,
        "x": 8,
        "y": 1
    },
    {
        "name": "stuck_out_tongue_closed_eyes",
        "page": 0,
        "x": 9,
        "y": 1
    },
    {
        "name": "stuck_out_tongue",
        "page": 0,
        "x": 10,
        "y": 1
    },
    {
        "name": "money_mouth_face",
        "page": 0,
        "x": 11,
        "y": 1
    },
    {
        "name": "nerd_face",
        "page": 0,
        "x": 12,
        "y": 1
    },
    {
        "name": "sunglasses",
        "page": 0,
        "x": 13,
        "y": 1
    },
    {
        "name": "clown_face",
        "page": 0,
        "x": 14,
        "y": 1
    },
    {
        "name": "cowboy_hat_face",
        "page": 0,
        "x": 15,
        "y": 1
    },
    {
        "name": "hugs",
        "page": 0,
        "x": 0,
        "y": 2
    },
    {
        "name": "smirk",
        "page": 0,
        "x": 1,
        "y": 2
    },
    {
        "name": "no_mouth",
        "page": 0,
        "x": 2,
        "y": 2
    },
    {
        "name": "neutral_face",
        "page": 0,
        "x": 3,
        "y": 2
    },
    {
        "name": "expressionless",
        "page": 0,
        "x": 4,
        "y": 2
    },
    {
        "name": "unamused",
        "page": 0,
        "x": 5,
        "y": 2
    },
    {
        "name": "roll_eyes",
        "page": 0,
        "x": 6,
        "y": 2
    },
    {
        "name": "thinking",
        "page": 0,
        "x": 7,
        "y": 2
    },
    {
        "name": "lying_face",
        "page": 0,
        "x": 8,
        "y": 2
    },
    {
        "name": "flushed",
        "page": 0,
        "x": 9,
        "y": 2
    },
    {
        "name": "disappointed",
        "page": 0,
        "x": 10,
        "y": 2
    },
    {
        "name": "worried",
        "page": 0,
        "x": 11,
        "y": 2
    },
    {
        "name": "angry",
        "page": 0,
        "x": 12,
        "y": 2
    },
    {
        "name": "rage",
        "page": 0,
        "x": 13,
        "y": 2
    },
    {
        "name": "pensive",
        "page": 0,
        "x": 14,
        "y": 2
    },
    {
        "name": "confused",
        "page": 0,
        "x": 15,
        "y": 2
    },
    {
        "name": "slightly_frowning_face",
        "page": 0,
        "x": 0,
        "y": 3
    },
    {
        "name": "frowning_face",
        "page": 0,
        "x": 1,
        "y": 3
    },
    {
        "name": "persevere",
        "page": 0,
        "x": 2,
        "y": 3
    },
    {
        "name": "confounded",
        "page": 0,
        "x": 3,
        "y": 3
    },
    {
        "name": "tired_face",
        "page": 0,
        "x": 4,
        "y": 3
    },
    {
        "name": "weary",
        "page": 0,
        "x": 5,
        "y": 3
    },
    {
        "name": "triumph",
        "page": 0,
        "x": 6,
        "y": 3
    },
    {
        "name": "open_mouth",
        "page": 0,
        "x": 7,
        "y": 3
    },
    {
        "name": "scream",
        "page": 0,
        "x": 8,
        "y": 3
    },
    {
        "name": "fearful",
        "page": 0,
        "x": 9,
        "y": 3
    },
    {
        "name": "cold_sweat",
        "page": 0,
        "x": 10,
        "y": 3
    },
    {
        "name": "hushed",
        "page": 0,
        "x": 11,
        "y": 3
    },
    {
        "name": "frowning",
        "page": 0,
        "x": 12,
        "y": 3
    },
    {
        "name": "anguished",
        "page": 0,
        "x": 13,
        "y": 3
    },
    {
        "name": "cry",
        "page": 0,
        "x": 14,
        "y": 3
    },
    {
        "name": "disappointed_relieved",
        "page": 0,
        "x": 15,
        "y": 3
    },
    {
        "name": "drooling_face",
        "page": 0,
        "x": 0,
        "y": 4
    },
    {
        "name": "sleepy",
        "page": 0,
        "x": 1,
        "y": 4
    },
    {
        "name": "sweat",
        "page": 0,
        "x": 2,
        "y": 4
    },
    {
        "name": "sob",
        "page": 0,
        "x": 3,
        "y": 4
    },
    {
        "name": "dizzy_face",
        "page": 0,
        "x": 4,
        "y": 4
    },
    {
        "name": "astonished",
        "page": 0,
        "x": 5,
        "y": 4
    },
    {
        "name": "zipper_mouth_face",
        "page": 0,
        "x": 6,
        "y": 4
    },
    {
        "name": "nauseated_face",
        "page": 0,
        "x": 7,
        "y": 4
    },
    {
        "name": "sneezing_face",
        "page": 0,
        "x": 8,
        "y": 4
    },
    {
        "name": "mask",
        "page": 0,
        "x": 9,
        "y": 4
    },
    {
        "name": "face_with_thermometer",
        "page": 0,
        "x": 10,
        "y": 4
    },
    {
        "name": "face_with_head_bandage",
        "page": 0,
        "x": 11,
        "y": 4
    },
    {
        "name": "sleeping",
        "page": 0,
        "x": 12,
        "y": 4
    },
    {
        "name": "zzz",
        "page": 0,
        "x": 13,
        "y": 4
    },
    {
        "name": "poop",
        "page": 0,
        "x": 14,
        "y": 4
    },
    {
        "name": "smiling_imp",
        "page": 0,
        "x": 15,
        "y": 4
    },
    {
        "name": "imp",
        "page": 0,
        "x": 0,
        "y": 5
    },
    {
        "name": "japanese_ogre",
        "page": 0,
        "x": 1,
        "y": 5
    },
    {
        "name": "japanese_goblin",
        "page": 0,
        "x": 2,
        "y": 5
    },
    {
        "name": "skull",
        "page": 0,
        "x": 3,
        "y": 5
    },
    {
        "name": "ghost",
        "page": 0,
        "x": 4,
        "y": 5
    },
    {
        "name": "alien",
        "page": 0,
        "x": 5,
        "y": 5
    },
    {
        "name": "robot",
        "page": 0,
        "x": 6,
        "y": 5
    },
    {
        "name": "smiley_cat",
        "page": 0,
        "x": 7,
        "y": 5
    },
    {
        "name": "smile_cat",
        "page": 0,
        "x": 8,
        "y": 5
    },
    {
        "name": "joy_cat",
        "page": 0,
        "x": 9,
        "y": 5
    },
    {
        "name": "heart_eyes_cat",
        "page": 0,
        "x": 10,
        "y": 5
    },
    {
        "name": "smirk_cat",
        "page": 0,
        "x": 11,
        "y": 5
    },
    {
        "name": "kissing_cat",
        "page": 0,
        "x": 12,
        "y": 5
    },
    {
        "name": "scream_cat",
        "page": 0,
        "x": 13,
        "y": 5
    },
    {
        "name": "crying_cat_face",
        "page": 0,
        "x": 14,
        "y": 5
    },
    {
        "name": "pouting_cat",
        "page": 0,
        "x": 15,
        "y": 5
    },
    {
        "name": "raised_hands",
        "page": 0,
        "x": 0,
        "y": 6
    },
    {
        "name": "clap",
        "page": 0,
        "x": 1,
        "y": 6
    },
    {
        "name": "wave",
        "page": 0,
        "x": 2,
        "y": 6
    },
    {
        "name": "call_me_hand",
        "page": 0,
        "x": 3,
        "y": 6
    },
    {
        "name": "+1",
        "page": 0,
        "x": 4,
        "y": 6
    },
    {
        "name": "-1",
        "page": 0,
        "x": 5,
        "y": 6
    },
    {
        "name": "facepunch",
        "page": 0,
        "x": 6,
        "y": 6
    },
    {
        "name": "fist",
        "page": 0,
        "x": 7,
        "y": 6
    },
    {
        "name": "fist_left",
        "page": 0,
        "x": 8,
        "y": 6
    },
    {
        "name": "fist_right",
        "page": 0,
        "x": 9,
        "y": 6
    },
    {
        "name": "v",
        "page": 0,
        "x": 10,
        "y": 6
    },
    {
        "name": "ok_hand",
        "page": 0,
        "x": 11,
        "y": 6
    },
    {
        "name": "raised_hand",
        "page": 0,
        "x": 12,
        "y": 6
    },
    {
        "name": "raised_back_of_hand",
        "page": 0,
        "x": 13,
        "y": 6
    },
    {
        "name": "open_hands",
        "page": 0,
        "x": 14,
        "y": 6
    },
    {
        "name": "muscle",
        "page": 0,
        "x": 15,
        "y": 6
    },
    {
        "name": "pray",
        "page": 0,
        "x": 0,
        "y": 7
    },
    {
        "name": "handshake",
        "page": 0,
        "x": 1,
        "y": 7
    },
    {
        "name": "point_up",
        "page": 0,
        "x": 2,
        "y": 7
    },
    {
        "name": "point_up_2",
        "page": 0,
        "x": 3,
        "y": 7
    },
    {
        "name": "point_down",
        "page": 0,
        "x": 4,
        "y": 7
    },
    {
        "name": "point_left",
        "page": 0,
        "x": 5,
        "y": 7
    },
    {
        "name": "point_right",
        "page": 0,
        "x": 6,
        "y": 7
    },
    {
        "name": "fu",
        "page": 0,
        "x": 7,
        "y": 7
    },
    {
        "name": "raised_hand_with_fingers_splayed",
        "page": 0,
        "x": 8,
        "y": 7
    },
    {
        "name": "metal",
        "page": 0,
        "x": 9,
        "y": 7
    },
    {
        "name": "crossed_fingers",
        "page": 0,
        "x": 10,
        "y": 7
    },
    {
        "name": "vulcan_salute",
        "page": 0,
        "x": 11,
        "y": 7
    },
    {
        "name": "writing_hand",
        "page": 0,
        "x": 12,
        "y": 7
    },
    {
        "name": "selfie",
        "page": 0,
        "x": 13,
        "y": 7
    },
    {
        "name": "lips",
        "page": 0,
        "x": 14,
        "y": 7
    },
    {
        "name": "tongue",
        "page": 0,
        "x": 15,
        "y": 7
    },
    {
        "name": "ear",
        "page": 0,
        "x": 0,
        "y": 8
    },
    {
        "name": "nose",
        "page": 0,
        "x": 1,
        "y": 8
    },
    {
        "name": "eye",
        "page": 0,
        "x": 2,
        "y": 8
    },
    {
        "name": "eyes",
        "page": 0,
        "x": 3,
        "y": 8
    },
    {
        "name": "womans_clothes",
        "page": 0,
        "x": 4,
        "y": 8
    },
    {
        "name": "tshirt",
        "page": 0,
        "x": 5,
        "y": 8
    },
    {
        "name": "jeans",
        "page": 0,
        "x": 6,
        "y": 8
    },
    {
        "name": "necktie",
        "page": 0,
        "x": 7,
        "y": 8
    },
    {
        "name": "dress",
        "page": 0,
        "x": 8,
        "y": 8
    },
    {
        "name": "bikini",
        "page": 0,
        "x": 9,
        "y": 8
    },
    {
        "name": "kimono",
        "page": 0,
        "x": 10,
        "y": 8
    },
    {
        "name": "lipstick",
        "page": 0,
        "x": 11,
        "y": 8
    },
    {
        "name": "kiss",
        "page": 0,
        "x": 12,
        "y": 8
    },
    {
        "name": "footprints",
        "page": 0,
        "x": 13,
        "y": 8
    },
    {
        "name": "high_heel",
        "page": 0,
        "x": 14,
        "y": 8
    },
    {
        "name": "sandal",
        "page": 0,
        "x": 15,
        "y": 8
    },
    {
        "name": "boot",
        "page": 0,
        "x": 0,
        "y": 9
    },
    {
        "name": "mans_shoe",
        "page": 0,
        "x": 1,
        "y": 9
    },
    {
        "name": "athletic_shoe",
        "page": 0,
        "x": 2,
        "y": 9
    },
    {
        "name": "womans_hat",
        "page": 0,
        "x": 3,
        "y": 9
    },
    {
        "name": "tophat",
        "page": 0,
        "x": 4,
        "y": 9
    },
    {
        "name": "rescue_worker_helmet",
        "page": 0,
        "x": 5,
        "y": 9
    },
    {
        "name": "mortar_board",
        "page": 0,
        "x": 6,
        "y": 9
    },
    {
        "name": "crown",
        "page": 0,
        "x": 7,
        "y": 9
    },
    {
        "name": "school_satchel",
        "page": 0,
        "x": 8,
        "y": 9
    },
    {
        "name": "pouch",
        "page": 0,
        "x": 9,
        "y": 9
    },
    {
        "name": "purse",
        "page": 0,
        "x": 10,
        "y": 9
    },
    {
        "name": "handbag",
        "page": 0,
        "x": 11,
        "y": 9
    },
    {
        "name": "briefcase",
        "page": 0,
        "x": 12,
        "y": 9
    },
    {
        "name": "eyeglasses",
        "page": 0,
        "x": 13,
        "y": 9
    },
    {
        "name": "dark_sunglasses",
        "page": 0,
        "x": 14,
        "y": 9
    },
    {
        "name": "ring",
        "page": 0,
        "x": 15,
        "y": 9
    },
    {
        "name": "closed_umbrella",
        "page": 0,
        "x": 0,
        "y": 10
    },
    {
        "name": "dog",
        "page": 0,
        "x": 1,
        "y": 10
    },
    {
        "name": "cat",
        "page": 0,
        "x": 2,
        "y": 10
    },
    {
        "name": "mouse",
        "page": 0,
        "x": 3,
        "y": 10
    },
    {
        "name": "hamster",
        "page": 0,
        "x": 4,
        "y": 10
    },
    {
        "name": "rabbit",
        "page": 0,
        "x": 5,
        "y": 10
    },
    {
        "name": "fox_face",
        "page": 0,
        "x": 6,
        "y": 10
    },
    {
        "name": "bear",
        "page": 0,
        "x": 7,
        "y": 10
    },
    {
        "name": "panda_face",
        "page": 0,
        "x": 8,
        "y": 10
    },
    {
        "name": "koala",
        "page": 0,
        "x": 9,
        "y": 10
    },
    {
        "name": "tiger",
        "page": 0,
        "x": 10,
        "y": 10
    },
    {
        "name": "lion",
        "page": 0,
        "x": 11,
        "y": 10
    },
    {
        "name": "cow",
        "page": 0,
        "x": 12,
        "y": 10
    },
    {
        "name": "pig",
        "page": 0,
        "x": 13,
        "y": 10
    },
    {
        "name": "pig_nose",
        "page": 0,
        "x": 14,
        "y": 10
    },
    {
        "name": "frog",
        "page": 0,
        "x": 15,
        "y": 10
    },
    {
        "name": "squid",
        "page": 0,
        "x": 0,
        "y": 11
    },
    {
        "name": "octopus",
        "page": 0,
        "x": 1,
        "y": 11
    },
    {
        "name": "shrimp",
        "page": 0,
        "x": 2,
        "y": 11
    },
    {
        "name": "monkey_face",
        "page": 0,
        "x": 3,
        "y": 11
    },
    {
        "name": "gorilla",
        "page": 0,
        "x": 4,
        "y": 11
    },
    {
        "name": "see_no_evil",
        "page": 0,
        "x": 5,
        "y": 11
    },
    {
        "name": "hear_no_evil",
        "page": 0,
        "x": 6,
        "y": 11
    },
    {
        "name": "speak_no_evil",
        "page": 0,
        "x": 7,
        "y": 11
    },
    {
        "name": "monkey",
        "page": 0,
        "x": 8,
        "y": 11
    },
    {
        "name": "chicken",
        "page": 0,
        "x": 9,
        "y": 11
    },
    {
        "name": "penguin",
        "page": 0,
        "x": 10,
        "y": 11
    },
    {
        "name": "bird",
        "page": 0,
        "x": 11,
        "y": 11
    },
    {
        "name": "baby_chick",
        "page": 0,
        "x": 12,
        "y": 11
    },
    {
        "name": "hatching_chick",
        "page": 0,
        "x": 13,
        "y": 11
    },
    {
        "name": "hatched_chick",
        "page": 0,
        "x": 14,
        "y": 11
    },
    {
        "name": "duck",
        "page": 0,
        "x": 15,
        "y": 11
    },
    {
        "name": "eagle",
        "page": 0,
        "x": 0,
        "y": 12
    },
    {
        "name": "owl",
        "page": 0,
        "x": 1,
        "y": 12
    },
    {
        "name": "bat",
        "page": 0,
        "x": 2,
        "y": 12
    },
    {
        "name": "wolf",
        "page": 0,
        "x": 3,
        "y": 12
    },
    {
        "name": "boar",
        "page": 0,
        "x": 4,
        "y": 12
    },
    {
        "name": "horse",
        "page": 0,
        "x": 5,
        "y": 12
    },
    {
        "name": "unicorn",
        "page": 0,
        "x": 6,
        "y": 12
    },
    {
        "name": "honeybee",
        "page": 0,
        "x": 7,
        "y": 12
    },
    {
        "name": "bug",
        "page": 0,
        "x": 8,
        "y": 12
    },
    {
        "name": "butterfly",
        "page": 0,
        "x": 9,
        "y": 12
    },
    {
        "name": "snail",
        "page": 0,
        "x": 10,
        "y": 12
    },
    {
        "name": "beetle",
        "page": 0,
        "x": 11,
        "y": 12
    },
    {
        "name": "ant",
        "page": 0,
        "x": 12,
        "y": 12
    },
    {
        "name": "spider",
        "page": 0,
        "x": 13,
        "y": 12
    },
    {
        "name": "scorpion",
        "page": 0,
        "x": 14,
        "y": 12
    },
    {
        "name": "crab",
        "page": 0,
        "x": 15,
        "y": 12
    },
    {
        "name": "snake",
        "page": 0,
        "x": 0,
        "y": 13
    },
    {
        "name": "lizard",
        "page": 0,
        "x": 1,
        "y": 13
    },
    {
        "name": "turtle",
        "page": 0,
        "x": 2,
        "y": 13
    },
    {
        "name": "tropical_fish",
        "page": 0,
        "x": 3,
        "y": 13
    },
    {
        "name": "fish",
        "page": 0,
        "x": 4,
        "y": 13
    },
    {
        "name": "blowfish",
        "page": 0,
        "x": 5,
        "y": 13
    },
    {
        "name": "dolphin",
        "page": 0,
        "x": 6,
        "y": 13
    },
    {
        "name": "shark",
        "page": 0,
        "x": 7,
        "y": 13
    },
    {
        "name": "whale",
        "page": 0,
        "x": 8,
        "y": 13
    },
    {
        "name": "whale2",
        "page": 0,
        "x": 9,
        "y": 13
    },
    {
        "name": "crocodile",
        "page": 0,
        "x": 10,
        "y": 13
    },
    {
        "name": "leopard",
        "page": 0,
        "x": 11,
        "y": 13
    },
    {
        "name": "tiger2",
        "page": 0,
        "x": 12,
        "y": 13
    },
    {
        "name": "water_buffalo",
        "page": 0,
        "x": 13,
        "y": 13
    },
    {
        "name": "ox",
        "page": 0,
        "x": 14,
        "y": 13
    },
    {
        "name": "cow2",
        "page": 0,
        "x": 15,
        "y": 13
    },
    {
        "name": "deer",
        "page": 0,
        "x": 0,
        "y": 14
    },
    {
        "name": "dromedary_camel",
        "page": 0,
        "x": 1,
        "y": 14
    },
    {
        "name": "camel",
        "page": 0,
        "x": 2,
        "y": 14
    },
    {
        "name": "elephant",
        "page": 0,
        "x": 3,
        "y": 14
    },
    {
        "name": "rhinoceros",
        "page": 0,
        "x": 4,
        "y": 14
    },
    {
        "name": "goat",
        "page": 0,
        "x": 5,
        "y": 14
    },
    {
        "name": "ram",
        "page": 0,
        "x": 6,
        "y": 14
    },
    {
        "name": "sheep",
        "page": 0,
        "x": 7,
        "y": 14
    },
    {
        "name": "racehorse",
        "page": 0,
        "x": 8,
        "y": 14
    },
    {
        "name": "pig2",
        "page": 0,
        "x": 9,
        "y": 14
    },
    {
        "name": "rat",
        "page": 0,
        "x": 10,
        "y": 14
    },
    {
        "name": "mouse2",
        "page": 0,
        "x": 11,
        "y": 14
    },
    {
        "name": "rooster",
        "page": 0,
        "x": 12,
        "y": 14
    },
    {
        "name": "turkey",
        "page": 0,
        "x": 13,
        "y": 14
    },
    {
        "name": "dove",
        "page": 0,
        "x": 14,
        "y": 14
    },
    {
        "name": "dog2",
        "page": 0,
        "x": 15,
        "y": 14
    },
    {
        "name": "poodle",
        "page": 0,
        "x": 0,
        "y": 15
    },
    {
        "name": "cat2",
        "page": 0,
        "x": 1,
        "y": 15
    },
    {
        "name": "rabbit2",
        "page": 0,
        "x": 2,
        "y": 15
    },
    {
        "name": "chipmunk",
        "page": 0,
        "x": 3,
        "y": 15
    },
    {
        "name": "paw_prints",
        "page": 0,
        "x": 4,
        "y": 15
    },
    {
        "name": "dragon",
        "page": 0,
        "x": 5,
        "y": 15
    },
    {
        "name": "dragon_face",
        "page": 0,
        "x": 6,
        "y": 15
    },
    {
        "name": "cactus",
        "page": 0,
        "x": 7,
        "y": 15
    },
    {
        "name": "christmas_tree",
        "page": 0,
        "x": 8,
        "y": 15
    },
    {
        "name": "evergreen_tree",
        "page": 0,
        "x": 9,
        "y": 15
    },
    {
        "name": "deciduous_tree",
        "page": 0,
        "x": 10,
        "y": 15
    },
    {
        "name": "palm_tree",
        "page": 0,
        "x": 11,
        "y": 15
    },
    {
        "name": "seedling",
        "page": 0,
        "x": 12,
        "y": 15
    },
    {
        "name": "herb",
        "page": 0,
        "x": 13,
        "y": 15
    },
    {
        "name": "shamrock",
        "page": 0,
        "x": 14,
        "y": 15
    },
    {
        "name": "four_leaf_clover",
        "page": 0,
        "x": 15,
        "y": 15
    },
    {
        "name": "bamboo",
        "page": 1,
        "x": 0,
        "y": 0
    },
    {
        "name": "tanabata_tree",
        "page": 1,
        "x": 1,
        "y": 0
    },
    {
        "name": "leaves",
        "page": 1,
        "x": 2,
        "y": 0
    },
    {
        "name": "fallen_leaf",
        "page": 1,
        "x": 3,
        "y": 0
    },
    {
        "name": "maple_leaf",
        "page": 1,
        "x": 4,
        "y": 0
    },
    {
        "name": "ear_of_rice",
        "page": 1,
        "x": 5,
        "y": 0
    },
    {
        "name": "hibiscus",
        "page": 1,
        "x": 6,
        "y": 0
    },
    {
        "name": "sunflower",
        "page": 1,
        "x": 7,
        "y": 0
    },
    {
        "name": "rose",
        "page": 1,
        "x": 8,
        "y": 0
    },
    {
        "name": "wilted_flower",
        "page": 1,
        "x": 9,
        "y": 0
    },
    {
        "name": "tulip",
        "page": 1,
        "x": 10,
        "y": 0
    },
    {
        "name": "blossom",
        "page": 1,
        "x": 11,
        "y": 0
    },
    {
        "name": "cherry_blossom",
        "page": 1,
        "x": 12,
        "y": 0
    },
    {
        "name": "bouquet",
        "page": 1,
        "x": 13,
        "y": 0
    },
    {
        "name": "mushroom",
        "page": 1,
        "x": 14,
        "y": 0
    },
    {
        "name": "chestnut",
        "page": 1,
        "x": 15,
        "y": 0
    },
    {
        "name": "jack_o_lantern",
        "page": 1,
        "x": 0,
        "y": 1
    },
    {
        "name": "shell",
        "page": 1,
        "x": 1,
        "y": 1
    },
    {
        "name": "spider_web",
        "page": 1,
        "x": 2,
        "y": 1
    },
    {
        "name": "earth_americas",
        "page": 1,
        "x": 3,
        "y": 1
    },
    {
        "name": "earth_africa",
        "page": 1,
        "x": 4,
        "y": 1
    },
    {
        "name": "earth_asia",
        "page": 1,
        "x": 5,
        "y": 1
    },
    {
        "name": "full_moon",
        "page": 1,
        "x": 6,
        "y": 1
    },
    {
        "name": "waning_gibbous_moon",
        "page": 1,
        "x": 7,
        "y": 1
    },
    {
        "name": "last_quarter_moon",
        "page": 1,
        "x": 8,
        "y": 1
    },
    {
        "name": "waning_crescent_moon",
        "page": 1,
        "x": 9,
        "y": 1
    },
    {
        "name": "new_moon",
        "page": 1,
        "x": 10,
        "y": 1
    },
    {
        "name": "waxing_crescent_moon",
        "page": 1,
        "x": 11,
        "y": 1
    },
    {
        "name": "first_quarter_moon",
        "page": 1,
        "x": 12,
        "y": 1
    },
    {
        "name": "waxing_gibbous_moon",
        "page": 1,
        "x": 13,
        "y": 1
    },
    {
        "name": "new_moon_with_face",
        "page": 1,
        "x": 14,
        "y": 1
    },
    {
        "name": "full_moon_with_face",
        "page": 1,
        "x": 15,
        "y": 1
    },
    {
        "name": "first_quarter_moon_with_face",
        "page": 1,
        "x": 0,
        "y": 2
    },
    {
        "name": "last_quarter_moon_with_face",
        "page": 1,
        "x": 1,
        "y": 2
    },
    {
        "name": "sun_with_face",
        "page": 1,
        "x": 2,
        "y": 2
    },
    {
        "name": "crescent_moon",
        "page": 1,
        "x": 3,
        "y": 2
    },
    {
        "name": "star",
        "page": 1,
        "x": 4,
        "y": 2
    },
    {
        "name": "star2",
        "page": 1,
        "x": 5,
        "y": 2
    },
    {
        "name": "dizzy",
        "page": 1,
        "x": 6,
        "y": 2
    },
    {
        "name": "sparkles",
        "page": 1,
        "x": 7,
        "y": 2
    },
    {
        "name": "comet",
        "page": 1,
        "x": 8,
        "y": 2
    },
    {
        "name": "sunny",
        "page": 1,
        "x": 9,
        "y": 2
    },
    {
        "name": "sun_behind_small_cloud",
        "page": 1,
        "x": 10,
        "y": 2
    },
    {
        "name": "partly_sunny",
        "page": 1,
        "x": 11,
        "y": 2
    },
    {
        "name": "sun_behind_large_cloud",
        "page": 1,
        "x": 12,
        "y": 2
    },
    {
        "name": "sun_behind_rain_cloud",
        "page": 1,
        "x": 13,
        "y": 2
    },
    {
        "name": "cloud",
        "page": 1,
        "x": 14,
        "y": 2
    },
    {
        "name": "cloud_with_rain",
        "page": 1,
        "x": 15,
        "y": 2
    },
    {
        "name": "cloud_with_lightning_and_rain",
        "page": 1,
        "x": 0,
        "y": 3
    },
    {
        "name": "cloud_with_lightning",
        "page": 1,
        "x": 1,
        "y": 3
    },
    {
        "name": "zap",
        "page": 1,
        "x": 2,
        "y": 3
    },
    {
        "name": "fire",
        "page": 1,
        "x": 3,
        "y": 3
    },
    {
        "name": "boom",
        "page": 1,
        "x": 4,
        "y": 3
    },
    {
        "name": "snowflake",
        "page": 1,
        "x": 5,
        "y": 3
    },
    {
        "name": "cloud_with_snow",
        "page": 1,
        "x": 6,
        "y": 3
    },
    {
        "name": "snowman",
        "page": 1,
        "x": 7,
        "y": 3
    },
    {
        "name": "snowman_with_snow",
        "page": 1,
        "x": 8,
        "y": 3
    },
    {
        "name": "wind_face",
        "page": 1,
        "x": 9,
        "y": 3
    },
    {
        "name": "dash",
        "page": 1,
        "x": 10,
        "y": 3
    },
    {
        "name": "tornado",
        "page": 1,
        "x": 11,
        "y": 3
    },
    {
        "name": "fog",
        "page": 1,
        "x": 12,
        "y": 3
    },
    {
        "name": "open_umbrella",
        "page": 1,
        "x": 13,
        "y": 3
    },
    {
        "name": "umbrella",
        "page": 1,
        "x": 14,
        "y": 3
    },
    {
        "name": "droplet",
        "page": 1,
        "x": 15,
        "y": 3
    },
    {
        "name": "sweat_drops",
        "page": 1,
        "x": 0,
        "y": 4
    },
    {
        "name": "ocean",
        "page": 1,
        "x": 1,
        "y": 4
    },
    {
        "name": "green_apple",
        "page": 1,
        "x": 2,
        "y": 4
    },
    {
        "name": "apple",
        "page": 1,
        "x": 3,
        "y": 4
    },
    {
        "name": "pear",
        "page": 1,
        "x": 4,
        "y": 4
    },
    {
        "name": "tangerine",
        "page": 1,
        "x": 5,
        "y": 4
    },
    {
        "name": "lemon",
        "page": 1,
        "x": 6,
        "y": 4
    },
    {
        "name": "banana",
        "page": 1,
        "x": 7,
        "y": 4
    },
    {
        "name": "watermelon",
        "page": 1,
        "x": 8,
        "y": 4
    },
    {
        "name": "grapes",
        "page": 1,
        "x": 9,
        "y": 4
    },
    {
        "name": "strawberry",
        "page": 1,
        "x": 10,
        "y": 4
    },
    {
        "name": "melon",
        "page": 1,
        "x": 11,
        "y": 4
    },
    {
        "name": "cherries",
        "page": 1,
        "x": 12,
        "y": 4
    },
    {
        "name": "peach",
        "page": 1,
        "x": 13,
        "y": 4
    },
    {
        "name": "pineapple",
        "page": 1,
        "x": 14,
        "y": 4
    },
    {
        "name": "kiwi_fruit",
        "page": 1,
        "x": 15,
        "y": 4
    },
    {
        "name": "avocado",
        "page": 1,
        "x": 0,
        "y": 5
    },
    {
        "name": "tomato",
        "page": 1,
        "x": 1,
        "y": 5
    },
    {
        "name": "eggplant",
        "page": 1,
        "x": 2,
        "y": 5
    },
    {
        "name": "cucumber",
        "page": 1,
        "x": 3,
        "y": 5
    },
    {
        "name": "carrot",
        "page": 1,
        "x": 4,
        "y": 5
    },
    {
        "name": "hot_pepper",
        "page": 1,
        "x": 5,
        "y": 5
    },
    {
        "name": "potato",
        "page": 1,
        "x": 6,
        "y": 5
    },
    {
        "name": "corn",
        "page": 1,
        "x": 7,
        "y": 5
    },
    {
        "name": "sweet_potato",
        "page": 1,
        "x": 8,
        "y": 5
    },
    {
        "name": "peanuts",
        "page": 1,
        "x": 9,
        "y": 5
    },
    {
        "name": "honey_pot",
        "page": 1,
        "x": 10,
        "y": 5
    },
    {
        "name": "croissant",
        "page": 1,
        "x": 11,
        "y": 5
    },
    {
        "name": "bread",
        "page": 1,
        "x": 12,
        "y": 5
    },
    {
        "name": "baguette_bread",
        "page": 1,
        "x": 13,
        "y": 5
    },
    {
        "name": "cheese",
        "page": 1,
        "x": 14,
        "y": 5
    },
    {
        "name": "egg",
        "page": 1,
        "x": 15,
        "y": 5
    },
    {
        "name": "bacon",
        "page": 1,
        "x": 0,
        "y": 6
    },
    {
        "name": "pancakes",
        "page": 1,
        "x": 1,
        "y": 6
    },
    {
        "name": "poultry_leg",
        "page": 1,
        "x": 2,
        "y": 6
    },
    {
        "name": "meat_on_bone",
        "page": 1,
        "x": 3,
        "y": 6
    },
    {
        "name": "fried_shrimp",
        "page": 1,
        "x": 4,
        "y": 6
    },
    {
        "name": "fried_egg",
        "page": 1,
        "x": 5,
        "y": 6
    },
    {
        "name": "hamburger",
        "page": 1,
        "x": 6,
        "y": 6
    },
    {
        "name": "fries",
        "page": 1,
        "x": 7,
        "y": 6
    },
    {
        "name": "stuffed_flatbread",
        "page": 1,
        "x": 8,
        "y": 6
    },
    {
        "name": "hotdog",
        "page": 1,
        "x": 9,
        "y": 6
    },
    {
        "name": "pizza",
        "page": 1,
        "x": 10,
        "y": 6
    },
    {
        "name": "spaghetti",
        "page": 1,
        "x": 11,
        "y": 6
    },
    {
        "name": "taco",
        "page": 1,
        "x": 12,
        "y": 6
    },
    {
        "name": "burrito",
        "page": 1,
        "x": 13,
        "y": 6
    },
    {
        "name": "green_salad",
        "page": 1,
        "x": 14,
        "y": 6
    },
    {
        "name": "shallow_pan_of_food",
        "page": 1,
        "x": 15,
        "y": 6
    },
    {
        "name": "ramen",
        "page": 1,
        "x": 0,
        "y": 7
    },
    {
        "name": "stew",
        "page": 1,
        "x": 1,
        "y": 7
    },
    {
        "name": "fish_cake",
        "page": 1,
        "x": 2,
        "y": 7
    },
    {
        "name": "sushi",
        "page": 1,
        "x": 3,
        "y": 7
    },
    {
        "name": "bento",
        "page": 1,
        "x": 4,
        "y": 7
    },
    {
        "name": "curry",
        "page": 1,
        "x": 5,
        "y": 7
    },
    {
        "name": "rice_ball",
        "page": 1,
        "x": 6,
        "y": 7
    },
    {
        "name": "rice",
        "page": 1,
        "x": 7,
        "y": 7
    },
    {
        "name": "rice_cracker",
        "page": 1,
        "x": 8,
        "y": 7
    },
    {
        "name": "oden",
        "page": 1,
        "x": 9,
        "y": 7
    },
    {
        "name": "dango",
        "page": 1,
        "x": 10,
        "y": 7
    },
    {
        "name": "shaved_ice",
        "page": 1,
        "x": 11,
        "y": 7
    },
    {
        "name": "ice_cream",
        "page": 1,
        "x": 12,
        "y": 7
    },
    {
        "name": "icecream",
        "page": 1,
        "x": 13,
        "y": 7
    },
    {
        "name": "cake",
        "page": 1,
        "x": 14,
        "y": 7
    },
    {
        "name": "birthday",
        "page": 1,
        "x": 15,
        "y": 7
    },
    {
        "name": "custard",
        "page": 1,
        "x": 0,
        "y": 8
    },
    {
        "name": "candy",
        "page": 1,
        "x": 1,
        "y": 8
    },
    {
        "name": "lollipop",
        "page": 1,
        "x": 2,
        "y": 8
    },
    {
        "name": "chocolate_bar",
        "page": 1,
        "x": 3,
        "y": 8
    },
    {
        "name": "popcorn",
        "page": 1,
        "x": 4,
        "y": 8
    },
    {
        "name": "doughnut",
        "page": 1,
        "x": 5,
        "y": 8
    },
    {
        "name": "cookie",
        "page": 1,
        "x": 6,
        "y": 8
    },
    {
        "name": "milk_glass",
        "page": 1,
        "x": 7,
        "y": 8
    },
    {
        "name": "beer",
        "page": 1,
        "x": 8,
        "y": 8
    },
    {
        "name": "beers",
        "page": 1,
        "x": 9,
        "y": 8
    },
    {
        "name": "clinking_glasses",
        "page": 1,
        "x": 10,
        "y": 8
    },
    {
        "name": "wine_glass",
        "page": 1,
        "x": 11,
        "y": 8
    },
    {
        "name": "tumbler_glass",
        "page": 1,
        "x": 12,
        "y": 8
    },
    {
        "name": "cocktail",
        "page": 1,
        "x": 13,
        "y": 8
    },
    {
        "name": "tropical_drink",
        "page": 1,
        "x": 14,
        "y": 8
    },
    {
        "name": "champagne",
        "page": 1,
        "x": 15,
        "y": 8
    },
    {
        "name": "sake",
        "page": 1,
        "x": 0,
        "y": 9
    },
    {
        "name": "tea",
        "page": 1,
        "x": 1,
        "y": 9
    },
    {
        "name": "coffee",
        "page": 1,
        "x": 2,
        "y": 9
    },
    {
        "name": "crazy_face",
        "page": 1,
        "x": 3,
        "y": 9
    },
    {
        "name": "face_with_monocle",
        "page": 1,
        "x": 4,
        "y": 9
    },
    {
        "name": "face_with_raised_eyebrow",
        "page": 1,
        "x": 5,
        "y": 9
    },
    {
        "name": "shushing_face",
        "page": 1,
        "x": 6,
        "y": 9
    },
    {
        "name": "face_with_hand_over_mouth",
        "page": 1,
        "x": 7,
        "y": 9
    },
    {
        "name": "face_with_symbols_over_mouth",
        "page": 1,
        "x": 8,
        "y": 9
    },
    {
        "name": "star_struck",
        "page": 1,
        "x": 9,
        "y": 9
    },
    {
        "name": "exploding_head",
        "page": 1,
        "x": 10,
        "y": 9
    },
    {
        "name": "face_vomiting",
        "page": 1,
        "x": 11,
        "y": 9
    },
    {
        "name": "soccer",
        "page": 1,
        "x": 12,
        "y": 9
    },
    {
        "name": "basketball",
        "page": 1,
        "x": 13,
        "y": 9
    },
    {
        "name": "football",
        "page": 1,
        "x": 14,
        "y": 9
    },
    {
        "name": "baseball",
        "page": 1,
        "x": 15,
        "y": 9
    },
    {
        "name": "tennis",
        "page": 1,
        "x": 0,
        "y": 10
    },
    {
        "name": "volleyball",
        "page": 1,
        "x": 1,
        "y": 10
    },
    {
        "name": "rugby_football",
        "page": 1,
        "x": 2,
        "y": 10
    },
    {
        "name": "8ball",
        "page": 1,
        "x": 3,
        "y": 10
    },
    {
        "name": "golf",
        "page": 1,
        "x": 4,
        "y": 10
    },
    {
        "name": "ping_pong",
        "page": 1,
        "x": 5,
        "y": 10
    },
    {
        "name": "badminton",
        "page": 1,
        "x": 6,
        "y": 10
    },
    {
        "name": "goal_net",
        "page": 1,
        "x": 7,
        "y": 10
    },
    {
        "name": "ice_hockey",
        "page": 1,
        "x": 8,
        "y": 10
    },
    {
        "name": "field_hockey",
        "page": 1,
        "x": 9,
        "y": 10
    },
    {
        "name": "cricket",
        "page": 1,
        "x": 10,
        "y": 10
    },
    {
        "name": "ice_skate",
        "page": 1,
        "x": 11,
        "y": 10
    },
    {
        "name": "bow_and_arrow",
        "page": 1,
        "x": 12,
        "y": 10
    },
    {
        "name": "boxing_glove",
        "page": 1,
        "x": 13,
        "y": 10
    },
    {
        "name": "martial_arts_uniform",
        "page": 1,
        "x": 14,
        "y": 10
    },
    {
        "name": "trophy",
        "page": 1,
        "x": 15,
        "y": 10
    },
    {
        "name": "medal_sports",
        "page": 1,
        "x": 0,
        "y": 11
    },
    {
        "name": "medal_military",
        "page": 1,
        "x": 1,
        "y": 11
    },
    {
        "name": "1st_place_medal",
        "page": 1,
        "x": 2,
        "y": 11
    },
    {
        "name": "2nd_place_medal",
        "page": 1,
        "x": 3,
        "y": 11
    },
    {
        "name": "3rd_place_medal",
        "page": 1,
        "x": 4,
        "y": 11
    },
    {
        "name": "reminder_ribbon",
        "page": 1,
        "x": 5,
        "y": 11
    },
    {
        "name": "rosette",
        "page": 1,
        "x": 6,
        "y": 11
    },
    {
        "name": "ticket",
        "page": 1,
        "x": 7,
        "y": 11
    },
    {
        "name": "tickets",
        "page": 1,
        "x": 8,
        "y": 11
    },
    {
        "name": "performing_arts",
        "page": 1,
        "x": 9,
        "y": 11
    },
    {
        "name": "art",
        "page": 1,
        "x": 10,
        "y": 11
    },
    {
        "name": "circus_tent",
        "page": 1,
        "x": 11,
        "y": 11
    },
    {
        "name": "microphone",
        "page": 1,
        "x": 12,
        "y": 11
    },
    {
        "name": "headphones",
        "page": 1,
        "x": 13,
        "y": 11
    },
    {
        "name": "musical_score",
        "page": 1,
        "x": 14,
        "y": 11
    },
    {
        "name": "musical_keyboard",
        "page": 1,
        "x": 15,
        "y": 11
    },
    {
        "name": "drum",
        "page": 1,
        "x": 0,
        "y": 12
    },
    {
        "name": "saxophone",
        "page": 1,
        "x": 1,
        "y": 12
    },
    {
        "name": "trumpet",
        "page": 1,
        "x": 2,
        "y": 12
    },
    {
        "name": "guitar",
        "page": 1,
        "x": 3,
        "y": 12
    },
    {
        "name": "violin",
        "page": 1,
        "x": 4,
        "y": 12
    },
    {
        "name": "clapper",
        "page": 1,
        "x": 5,
        "y": 12
    },
    {
        "name": "video_game",
        "page": 1,
        "x": 6,
        "y": 12
    },
    {
        "name": "space_invader",
        "page": 1,
        "x": 7,
        "y": 12
    },
    {
        "name": "dart",
        "page": 1,
        "x": 8,
        "y": 12
    },
    {
        "name": "game_die",
        "page": 1,
        "x": 9,
        "y": 12
    },
    {
        "name": "slot_machine",
        "page": 1,
        "x": 10,
        "y": 12
    },
    {
        "name": "bowling",
        "page": 1,
        "x": 11,
        "y": 12
    },
    {
        "name": "heart",
        "page": 1,
        "x": 12,
        "y": 12
    },
    {
        "name": "broken_heart",
        "page": 1,
        "x": 13,
        "y": 12
    },
    {
        "name": "ok",
        "page": 1,
        "x": 14,
        "y": 12
    },
    {
        "name": "up",
        "page": 1,
        "x": 15,
        "y": 12
    },
    {
        "name": "cool",
        "page": 1,
        "x": 0,
        "y": 13
    },
    {
        "name": "new",
        "page": 1,
        "x": 1,
        "y": 13
    },
    {
        "name": "free",
        "page": 1,
        "x": 2,
        "y": 13
    },
    {
        "name": "zero",
        "page": 1,
        "x": 3,
        "y": 13
    },
    {
        "name": "one",
        "page": 1,
        "x": 4,
        "y": 13
    },
    {
        "name": "two",
        "page": 1,
        "x": 5,
        "y": 13
    },
    {
        "name": "three",
        "page": 1,
        "x": 6,
        "y": 13
    },
    {
        "name": "four",
        "page": 1,
        "x": 7,
        "y": 13
    },
    {
        "name": "five",
        "page": 1,
        "x": 8,
        "y": 13
    },
    {
        "name": "six",
        "page": 1,
        "x": 9,
        "y": 13
    },
    {
        "name": "seven",
        "page": 1,
        "x": 10,
        "y": 13
    },
    {
        "name": "eight",
        "page": 1,
        "x": 11,
        "y": 13
    },
    {
        "name": "nine",
        "page": 1,
        "x": 12,
        "y": 13
    },
    {
        "name": "keycap_ten",
        "page": 1,
        "x": 13,
        "y": 13
    },
    {
        "name": "asterisk",
        "page": 1,
        "x": 14,
        "y": 13
    },
    {
        "name": "rotating_light",
        "page": 1,
        "x": 15,
        "y": 13
    },
    {
        "name": "airplane",
        "page": 1,
        "x": 0,
        "y": 14
    },
    {
        "name": "rocket",
        "page": 1,
        "x": 1,
        "y": 14
    },
    {
        "name": "artificial_satellite",
        "page": 1,
        "x": 2,
        "y": 14
    },
    {
        "name": "anchor",
        "page": 1,
        "x": 3,
        "y": 14
    },
    {
        "name": "construction",
        "page": 1,
        "x": 4,
        "y": 14
    },
    {
        "name": "vertical_traffic_light",
        "page": 1,
        "x": 5,
        "y": 14
    },
    {
        "name": "traffic_light",
        "page": 1,
        "x": 6,
        "y": 14
    },
    {
        "name": "checkered_flag",
        "page": 1,
        "x": 7,
        "y": 14
    },
    {
        "name": "tokyo_tower",
        "page": 1,
        "x": 8,
        "y": 14
    },
    {
        "name": "fountain",
        "page": 1,
        "x": 9,
        "y": 14
    },
    {
        "name": "mountain",
        "page": 1,
        "x": 10,
        "y": 14
    },
    {
        "name": "mountain_snow",
        "page": 1,
        "x": 11,
        "y": 14
    },
    {
        "name": "mount_fuji",
        "page": 1,
        "x": 12,
        "y": 14
    },
    {
        "name": "volcano",
        "page": 1,
        "x": 13,
        "y": 14
    },
    {
        "name": "tent",
        "page": 1,
        "x": 14,
        "y": 14
    },
    {
        "name": "railway_track",
        "page": 1,
        "x": 15,
        "y": 14
    },
    {
        "name": "sunrise",
        "page": 1,
        "x": 0,
        "y": 15
    },
    {
        "name": "sunrise_over_mountains",
        "page": 1,
        "x": 1,
        "y": 15
    },
    {
        "name": "desert",
        "page": 1,
        "x": 2,
        "y": 15
    },
    {
        "name": "beach_umbrella",
        "page": 1,
        "x": 3,
        "y": 15
    },
    {
        "name": "desert_island",
        "page": 1,
        "x": 4,
        "y": 15
    },
    {
        "name": "cityscape",
        "page": 1,
        "x": 5,
        "y": 15
    },
    {
        "name": "night_with_stars",
        "page": 1,
        "x": 6,
        "y": 15
    },
    {
        "name": "bridge_at_night",
        "page": 1,
        "x": 7,
        "y": 15
    },
    {
        "name": "city_sunrise",
        "page": 1,
        "x": 8,
        "y": 15
    },
    {
        "name": "city_sunset",
        "page": 1,
        "x": 9,
        "y": 15
    },
    {
        "name": "watch",
        "page": 1,
        "x": 10,
        "y": 15
    },
    {
        "name": "phone",
        "page": 1,
        "x": 11,
        "y": 15
    },
    {
        "name": "computer",
        "page": 1,
        "x": 12,
        "y": 15
    },
    {
        "name": "keyboard",
        "page": 1,
        "x": 13,
        "y": 15
    },
    {
        "name": "desktop_computer",
        "page": 1,
        "x": 14,
        "y": 15
    },
    {
        "name": "printer",
        "page": 1,
        "x": 15,
        "y": 15
    },
    {
        "name": "mc_planks",
        "page": 2,
        "x": 0,
        "y": 0
    },
    {
        "name": "mc_podzol",
        "page": 2,
        "x": 1,
        "y": 0
    },
    {
        "name": "mc_grass",
        "page": 2,
        "x": 2,
        "y": 0
    },
    {
        "name": "mc_snow_grass",
        "page": 2,
        "x": 3,
        "y": 0
    },
    {
        "name": "mc_dirt",
        "page": 2,
        "x": 4,
        "y": 0
    },
    {
        "name": "mc_mycellium",
        "page": 2,
        "x": 5,
        "y": 0
    },
    {
        "name": "mc_red_sand",
        "page": 2,
        "x": 6,
        "y": 0
    },
    {
        "name": "mc_sand",
        "page": 2,
        "x": 7,
        "y": 0
    },
    {
        "name": "mc_soulsand",
        "page": 2,
        "x": 8,
        "y": 0
    },
    {
        "name": "mc_netherrack",
        "page": 2,
        "x": 9,
        "y": 0
    },
    {
        "name": "mc_netherbrick",
        "page": 2,
        "x": 10,
        "y": 0
    },
    {
        "name": "mc_quartz_ore",
        "page": 2,
        "x": 11,
        "y": 0
    },
    {
        "name": "mc_ender_portal",
        "page": 2,
        "x": 12,
        "y": 0
    },
    {
        "name": "mc_ice",
        "page": 2,
        "x": 13,
        "y": 0
    },
    {
        "name": "mc_water",
        "page": 2,
        "x": 14,
        "y": 0
    },
    {
        "name": "mc_lava",
        "page": 2,
        "x": 15,
        "y": 0
    },
    {
        "name": "mc_emerald_block",
        "page": 2,
        "x": 0,
        "y": 1
    },
    {
        "name": "mc_diamond_block",
        "page": 2,
        "x": 1,
        "y": 1
    },
    {
        "name": "mc_gold_block",
        "page": 2,
        "x": 2,
        "y": 1
    },
    {
        "name": "mc_iron_block",
        "page": 2,
        "x": 3,
        "y": 1
    },
    {
        "name": "mc_emerald_ore",
        "page": 2,
        "x": 4,
        "y": 1
    },
    {
        "name": "mc_redstone_ore",
        "page": 2,
        "x": 5,
        "y": 1
    },
    {
        "name": "mc_diamond_ore",
        "page": 2,
        "x": 6,
        "y": 1
    },
    {
        "name": "mc_iron_ore",
        "page": 2,
        "x": 7,
        "y": 1
    },
    {
        "name": "mc_gold_ore",
        "page": 2,
        "x": 8,
        "y": 1
    },
    {
        "name": "mc_cobblestone",
        "page": 2,
        "x": 9,
        "y": 1
    },
    {
        "name": "mc_stone",
        "page": 2,
        "x": 10,
        "y": 1
    },
    {
        "name": "mc_stone_brick",
        "page": 2,
        "x": 11,
        "y": 1
    },
    {
        "name": "mc_bedrock",
        "page": 2,
        "x": 12,
        "y": 1
    },
    {
        "name": "mc_brick",
        "page": 2,
        "x": 13,
        "y": 1
    },
    {
        "name": "mc_quartz",
        "page": 2,
        "x": 14,
        "y": 1
    },
    {
        "name": "mc_redstone_lamp",
        "page": 2,
        "x": 15,
        "y": 1
    },
    {
        "name": "mc_piston",
        "page": 2,
        "x": 0,
        "y": 2
    },
    {
        "name": "mc_sticky_piston",
        "page": 2,
        "x": 1,
        "y": 2
    },
    {
        "name": "mc_dropper",
        "page": 2,
        "x": 2,
        "y": 2
    },
    {
        "name": "mc_redstone_block",
        "page": 2,
        "x": 3,
        "y": 2
    },
    {
        "name": "mc_tnt",
        "page": 2,
        "x": 4,
        "y": 2
    },
    {
        "name": "mc_jukebox",
        "page": 2,
        "x": 5,
        "y": 2
    },
    {
        "name": "mc_sponge",
        "page": 2,
        "x": 6,
        "y": 2
    },
    {
        "name": "mc_prismarine",
        "page": 2,
        "x": 7,
        "y": 2
    },
    {
        "name": "mc_command_block",
        "page": 2,
        "x": 8,
        "y": 2
    },
    {
        "name": "mc_hay",
        "page": 2,
        "x": 9,
        "y": 2
    },
    {
        "name": "mc_glowstone",
        "page": 2,
        "x": 10,
        "y": 2
    },
    {
        "name": "mc_gravel",
        "page": 2,
        "x": 11,
        "y": 2
    },
    {
        "name": "mc_lapis_lazuli_block",
        "page": 2,
        "x": 12,
        "y": 2
    },
    {
        "name": "mc_lapis_lazuli_ore",
        "page": 2,
        "x": 13,
        "y": 2
    },
    {
        "name": "mc_black_wool",
        "page": 2,
        "x": 14,
        "y": 2
    },
    {
        "name": "mc_blue_wool",
        "page": 2,
        "x": 15,
        "y": 2
    },
    {
        "name": "mc_brown_wool",
        "page": 2,
        "x": 0,
        "y": 3
    },
    {
        "name": "mc_cyan_wool",
        "page": 2,
        "x": 1,
        "y": 3
    },
    {
        "name": "mc_gray_wool",
        "page": 2,
        "x": 2,
        "y": 3
    },
    {
        "name": "mc_green_wool",
        "page": 2,
        "x": 3,
        "y": 3
    },
    {
        "name": "mc_light_blue_wool",
        "page": 2,
        "x": 4,
        "y": 3
    },
    {
        "name": "mc_lime_wool",
        "page": 2,
        "x": 5,
        "y": 3
    },
    {
        "name": "mc_magenta_wool",
        "page": 2,
        "x": 6,
        "y": 3
    },
    {
        "name": "mc_orange_wool",
        "page": 2,
        "x": 7,
        "y": 3
    },
    {
        "name": "mc_pink_wool",
        "page": 2,
        "x": 8,
        "y": 3
    },
    {
        "name": "mc_purple_wool",
        "page": 2,
        "x": 9,
        "y": 3
    },
    {
        "name": "mc_red_wool",
        "page": 2,
        "x": 10,
        "y": 3
    },
    {
        "name": "mc_light_gray_wool",
        "page": 2,
        "x": 11,
        "y": 3
    },
    {
        "name": "mc_white_wool",
        "page": 2,
        "x": 12,
        "y": 3
    },
    {
        "name": "mc_yellow_wool",
        "page": 2,
        "x": 13,
        "y": 3
    },
    {
        "name": "mc_snow_block",
        "page": 2,
        "x": 14,
        "y": 3
    },
    {
        "name": "mc_slime_block",
        "page": 2,
        "x": 15,
        "y": 3
    },
    {
        "name": "mc_obsidian",
        "page": 2,
        "x": 0,
        "y": 4
    },
    {
        "name": "mc_red_sandstone",
        "page": 2,
        "x": 1,
        "y": 4
    },
    {
        "name": "mc_portal",
        "page": 2,
        "x": 2,
        "y": 4
    },
    {
        "name": "mc_endstone",
        "page": 2,
        "x": 3,
        "y": 4
    },
    {
        "name": "mc_coal_ore",
        "page": 2,
        "x": 4,
        "y": 4
    },
    {
        "name": "mc_coal_block",
        "page": 2,
        "x": 5,
        "y": 4
    },
    {
        "name": "mc_beacon",
        "page": 2,
        "x": 6,
        "y": 4
    },
    {
        "name": "mc_bookshelf",
        "page": 2,
        "x": 7,
        "y": 4
    },
    {
        "name": "mc_chest",
        "page": 2,
        "x": 8,
        "y": 4
    },
    {
        "name": "mc_enderchest",
        "page": 2,
        "x": 9,
        "y": 4
    },
    {
        "name": "mc_blaze",
        "page": 2,
        "x": 10,
        "y": 4
    },
    {
        "name": "mc_cave_spider",
        "page": 2,
        "x": 11,
        "y": 4
    },
    {
        "name": "mc_ghast",
        "page": 2,
        "x": 12,
        "y": 4
    },
    {
        "name": "mc_zombie_pigman",
        "page": 2,
        "x": 13,
        "y": 4
    },
    {
        "name": "mc_enderman",
        "page": 2,
        "x": 14,
        "y": 4
    },
    {
        "name": "mc_magma_cube",
        "page": 2,
        "x": 15,
        "y": 4
    },
    {
        "name": "mc_slime",
        "page": 2,
        "x": 0,
        "y": 5
    },
    {
        "name": "mc_spider",
        "page": 2,
        "x": 1,
        "y": 5
    },
    {
        "name": "mc_chicken",
        "page": 2,
        "x": 2,
        "y": 5
    },
    {
        "name": "mc_pig",
        "page": 2,
        "x": 3,
        "y": 5
    },
    {
        "name": "mc_sheep",
        "page": 2,
        "x": 4,
        "y": 5
    },
    {
        "name": "mc_cow",
        "page": 2,
        "x": 5,
        "y": 5
    },
    {
        "name": "mc_squid",
        "page": 2,
        "x": 6,
        "y": 5
    },
    {
        "name": "mc_villager",
        "page": 2,
        "x": 7,
        "y": 5
    },
    {
        "name": "mc_iron_golem",
        "page": 2,
        "x": 8,
        "y": 5
    },
    {
        "name": "mc_mooshroom",
        "page": 2,
        "x": 9,
        "y": 5
    },
    {
        "name": "mc_ocelot",
        "page": 2,
        "x": 10,
        "y": 5
    },
    {
        "name": "mc_wither",
        "page": 2,
        "x": 11,
        "y": 5
    },
    {
        "name": "mc_wooden_sword",
        "page": 2,
        "x": 12,
        "y": 5
    },
    {
        "name": "mc_wooden_axe",
        "page": 2,
        "x": 13,
        "y": 5
    },
    {
        "name": "mc_wooden_pickaxe",
        "page": 2,
        "x": 14,
        "y": 5
    },
    {
        "name": "mc_wooden_shovel",
        "page": 2,
        "x": 15,
        "y": 5
    },
    {
        "name": "mc_wooden_hoe",
        "page": 2,
        "x": 0,
        "y": 6
    },
    {
        "name": "mc_bow",
        "page": 2,
        "x": 1,
        "y": 6
    },
    {
        "name": "mc_arrow",
        "page": 2,
        "x": 2,
        "y": 6
    },
    {
        "name": "mc_fishing_rod",
        "page": 2,
        "x": 3,
        "y": 6
    },
    {
        "name": "mc_flint_and_steel",
        "page": 2,
        "x": 4,
        "y": 6
    },
    {
        "name": "mc_shears",
        "page": 2,
        "x": 5,
        "y": 6
    },
    {
        "name": "trans_flag",
        "page": 2,
        "x": 6,
        "y": 6
    },
    {
        "name": "rainbow_flag",
        "page": 2,
        "x": 7,
        "y": 6
    }
]
